company_id,ticker,case,ai_chain_revenue_usd,ai_chain_gross_profit_usd,rest_of_company_revenue_usd,total_revenue_usd,gross_profit_usd,gross_margin,operating_income_usd,pretax_income_usd,tax_expense_usd,net_income_usd,diluted_shares,eps_usd,ai_chain_revenue_share,consensus_revenue_usd,consensus_eps_usd,revenue_revision_pct,eps_revision_pct
micron-illustrative,MU,bear,1116544163.3479097,502444873.5065594,7000000000.0,8116544163.34791,3162444873.5065594,0.3896294789828526,-837555126.4934406,-1187555126.4934406,0.0,-1187555126.4934406,1160000000.0,-1.0237544193908972,0.1375639854693229,14000000000.0,3.4,-42.02468454751493,-130.11042409973226
micron-illustrative,MU,base,4196693056.0571523,2308181180.831434,9000000000.0,13196693056.057152,6448181180.831434,0.488620986594197,2848181180.8314342,2648181180.8314342,370745365.3164008,2277435815.5150332,1130000000.0,2.015429925234543,0.3180109621577439,14000000000.0,3.4,-5.737906742448915,-40.72264925780756
micron-illustrative,MU,bull,9655010041.455719,5986106225.702546,11000000000.0,20655010041.45572,11816106225.702545,0.5720697400769587,8616106225.702545,8516106225.702545,851610622.5702546,7664495603.132291,1100000000.0,6.9677232755748095,0.4674415564106526,14000000000.0,3.4,47.53578601039799,104.93303751690617
nvidia-illustrative,NVDA,bear,5313098834.642475,3453514242.517609,42000000000.0,47313098834.64247,32013514242.517612,0.6766311028242656,24813514242.517612,24313514242.517612,4862702848.503523,19450811394.01409,24500000000.0,0.7939106691434323,0.11229657252448332,56000000000.0,1.1,-15.512323509567016,-27.82630280514252
nvidia-illustrative,NVDA,base,10888594116.783909,7839787764.0844145,48000000000.0,58888594116.783905,42399787764.08441,0.72,35899787764.08441,35699787764.08441,6068963919.89435,29630823844.190063,24000000000.0,1.234617660174586,0.18490158035001447,56000000000.0,1.1,5.1582037799712595,12.237969106780533
nvidia-illustrative,NVDA,bull,17610530520.384945,13384003195.492558,55000000000.0,72610530520.38495,54634003195.49255,0.7524253411170767,48634003195.49255,48634003195.49255,7295100479.323883,41338902716.16867,23500000000.0,1.75910224324122,0.2425341117076799,56000000000.0,1.1,29.66166164354455,59.91838574920181
tsmc-illustrative,TSM,bear,816200899.424763,391776431.7238862,27000000000.0,27816200899.424763,14431776431.723886,0.5188262942126771,7831776431.7238865,7481776431.7238865,1645990814.979255,5835785616.744632,5250000000.0,1.1115782127132632,0.029342644683071798,34000000000.0,2.3,-18.18764441345658,-51.67051249072768
tsmc-illustrative,TSM,base,1897740305.3651247,1043757167.9508187,31000000000.0,32897740305.365124,18713757167.950817,0.568846279235139,12913757167.950817,12763757167.950817,2425113861.9106555,10338643306.040161,5200000000.0,1.9882006357769542,0.057686038243047105,34000000000.0,2.3,-3.2419402783378715,-13.55649409665416
tsmc-illustrative,TSM,bull,3429464399.729403,2057678639.8376417,35000000000.0,38429464399.7294,23407678639.837643,0.6091075950567364,18407678639.837643,18407678639.837643,2945228582.374023,15462450057.46362,5150000000.0,3.0024174868861397,0.08924049432636776,34000000000.0,2.3,13.027836469792357,30.53989073418
