owner_type,owner_id,parameter,low,base,high,unit,posture,confidence,last_updated,methodology,evidence_ids,confirming_evidence,falsifying_evidence,correlation_group
constraint,linked-supplier-hbm-draw-manufacturing-output,capacity,3229.960716011132,3717.54225958764,4251.151748623053,system,synthetic,0.3,2026-07-19,"Import manufacturing complete_system_equivalents from frozen result 1379bccc2e6d5599a6af1945e40dfe54106523c075b439303ed2efe83d01333a. The source P10, P50, and P90 are used as triangular low, mode, and high parameters in the linked engine. This preserves the central range but does not preserve source tails, point masses, or joint dependence.",linked-result:manufacturing:1379bccc2e6d,A frozen manufacturing release with the same platform topology and quarter supports the complete-system range.,"The source topology differs from GB200 NVL72, the source result is revised, or observed package output falls outside the linked range.",linked:manufacturing:1379bccc2e6d:complete_system_equivalents
constraint,linked-supplier-hbm-draw-manufacturing-output,effective_yield,1.0,1.0,1.0,ratio,derived,0.3,2026-07-19,The frozen source output is already post-yield.,linked-result:manufacturing:1379bccc2e6d,The frozen source metric remains on the stated post-conversion basis.,The source metric is redefined to require another yield or allocation conversion.,
constraint,linked-supplier-hbm-draw-manufacturing-output,platform_allocation,1.0,1.0,1.0,ratio,derived,0.3,2026-07-19,The frozen source output is already scoped to this linked constraint.,linked-result:manufacturing:1379bccc2e6d,The frozen source metric remains on the stated post-conversion basis.,The source metric is redefined to require another yield or allocation conversion.,
constraint,linked-supplier-hbm-draw-manufacturing-output,units_per_system,1.0,1.0,1.0,system,derived,0.3,2026-07-19,Convert the frozen source metric into scenario-system equivalents using 1 system per system.,linked-result:manufacturing:1379bccc2e6d,The frozen source metric remains on the stated post-conversion basis.,The source metric is redefined to require another yield or allocation conversion.,
constraint,silicon-interposers,capacity,30000.0,38000.0,47000.0,interposer,synthetic,0.35,2026-07-17,Illustrative quarterly range selected to exercise the reconciliation engine. It is not an estimate of actual supplier capacity.,synthetic:capacity,"Supplier output, tool throughput, utilization, inventory, and shipment evidence support this range.",Verified quarterly output or installed throughput falls outside this range.,packaging
constraint,silicon-interposers,effective_yield,0.9,0.94,0.97,ratio,synthetic,0.35,2026-07-17,"Illustrative effective yield after process, test, and quality loss; no actual yield claim is made.",synthetic:capacity,Known-good-output and scrap data support the modeled conversion rate.,Supplier or customer qualification data show a materially different effective yield.,packaging
constraint,silicon-interposers,platform_allocation,0.7,0.78,0.86,ratio,synthetic,0.35,2026-07-17,Illustrative share of the resource available to this platform after competing products and customers.,synthetic:capacity,"Reserved-capacity contracts, prepayments, or observed shipment mix support the platform share.",Allocation disclosures or shipment routing show a materially different platform share.,platform-share
constraint,silicon-interposers,units_per_system,64.0,72.0,80.0,interposer,synthetic,0.35,2026-07-17,Illustrative one-interposer-per-GPU-package abstraction; not a disclosed manufacturing BOM.,synthetic:capacity,Package cross-sections or supplier BOM evidence support the count.,A manufacturing BOM shows a materially different interposer topology.,
constraint,abf-substrates,capacity,39000.0,47000.0,56000.0,substrate,synthetic,0.35,2026-07-17,Illustrative quarterly range selected to exercise the reconciliation engine. It is not an estimate of actual supplier capacity.,synthetic:capacity,"Supplier output, tool throughput, utilization, inventory, and shipment evidence support this range.",Verified quarterly output or installed throughput falls outside this range.,substrates
constraint,abf-substrates,effective_yield,0.92,0.96,0.985,ratio,synthetic,0.35,2026-07-17,"Illustrative effective yield after process, test, and quality loss; no actual yield claim is made.",synthetic:capacity,Known-good-output and scrap data support the modeled conversion rate.,Supplier or customer qualification data show a materially different effective yield.,substrates
constraint,abf-substrates,platform_allocation,0.7,0.79,0.87,ratio,synthetic,0.35,2026-07-17,Illustrative share of the resource available to this platform after competing products and customers.,synthetic:capacity,"Reserved-capacity contracts, prepayments, or observed shipment mix support the platform share.",Allocation disclosures or shipment routing show a materially different platform share.,platform-share
constraint,abf-substrates,units_per_system,64.0,72.0,80.0,substrate,synthetic,0.35,2026-07-17,Illustrative package-substrate requirement; not a disclosed manufacturing BOM.,synthetic:capacity,Supplier BOM evidence supports the count and substrate class.,Package construction uses a materially different substrate count or technology.,
constraint,compute-tray-assembly,capacity,7200.0,8600.0,10200.0,tray,synthetic,0.35,2026-07-17,Illustrative quarterly range selected to exercise the reconciliation engine. It is not an estimate of actual supplier capacity.,synthetic:capacity,"Supplier output, tool throughput, utilization, inventory, and shipment evidence support this range.",Verified quarterly output or installed throughput falls outside this range.,odm
constraint,compute-tray-assembly,effective_yield,0.88,0.93,0.97,ratio,synthetic,0.35,2026-07-17,"Illustrative effective yield after process, test, and quality loss; no actual yield claim is made.",synthetic:capacity,Known-good-output and scrap data support the modeled conversion rate.,Supplier or customer qualification data show a materially different effective yield.,odm
constraint,compute-tray-assembly,platform_allocation,0.86,0.92,0.97,ratio,synthetic,0.35,2026-07-17,Illustrative share of the resource available to this platform after competing products and customers.,synthetic:capacity,"Reserved-capacity contracts, prepayments, or observed shipment mix support the platform share.",Allocation disclosures or shipment routing show a materially different platform share.,platform-share
constraint,compute-tray-assembly,units_per_system,18.0,18.0,18.0,tray,reported,0.98,2026-07-17,NVIDIA reports 18 1RU compute trays per NVL72 rack.,nvidia:dgx-gb-hardware,A current NVIDIA BOM or service manual reports the same configuration.,A current rack BOM reports a different compute-tray count.,
constraint,connectx7-nics,capacity,30000.0,37000.0,45000.0,NIC,synthetic,0.35,2026-07-17,Illustrative quarterly range selected to exercise the reconciliation engine. It is not an estimate of actual supplier capacity.,synthetic:capacity,"Supplier output, tool throughput, utilization, inventory, and shipment evidence support this range.",Verified quarterly output or installed throughput falls outside this range.,networking
constraint,connectx7-nics,effective_yield,0.96,0.98,0.995,ratio,synthetic,0.35,2026-07-17,"Illustrative effective yield after process, test, and quality loss; no actual yield claim is made.",synthetic:capacity,Known-good-output and scrap data support the modeled conversion rate.,Supplier or customer qualification data show a materially different effective yield.,networking
constraint,connectx7-nics,platform_allocation,0.82,0.89,0.95,ratio,synthetic,0.35,2026-07-17,Illustrative share of the resource available to this platform after competing products and customers.,synthetic:capacity,"Reserved-capacity contracts, prepayments, or observed shipment mix support the platform share.",Allocation disclosures or shipment routing show a materially different platform share.,platform-share
constraint,connectx7-nics,units_per_system,72.0,72.0,72.0,NIC,derived,0.85,2026-07-17,18 trays multiplied by four disclosed ConnectX-7 NICs per tray.,nvidia:dgx-gb-hardware,A manufacturing BOM or current NVIDIA system specification supports the conversion.,A current tray BOM reports a different NIC count.,
constraint,bluefield3-dpus,capacity,15500.0,19000.0,23000.0,DPU,synthetic,0.35,2026-07-17,Illustrative quarterly range selected to exercise the reconciliation engine. It is not an estimate of actual supplier capacity.,synthetic:capacity,"Supplier output, tool throughput, utilization, inventory, and shipment evidence support this range.",Verified quarterly output or installed throughput falls outside this range.,networking
constraint,bluefield3-dpus,effective_yield,0.96,0.985,0.997,ratio,synthetic,0.35,2026-07-17,"Illustrative effective yield after process, test, and quality loss; no actual yield claim is made.",synthetic:capacity,Known-good-output and scrap data support the modeled conversion rate.,Supplier or customer qualification data show a materially different effective yield.,networking
constraint,bluefield3-dpus,platform_allocation,0.82,0.89,0.95,ratio,synthetic,0.35,2026-07-17,Illustrative share of the resource available to this platform after competing products and customers.,synthetic:capacity,"Reserved-capacity contracts, prepayments, or observed shipment mix support the platform share.",Allocation disclosures or shipment routing show a materially different platform share.,platform-share
constraint,bluefield3-dpus,units_per_system,36.0,36.0,36.0,DPU,derived,0.85,2026-07-17,18 trays multiplied by two disclosed BlueField-3 DPUs per tray.,nvidia:dgx-gb-hardware,A manufacturing BOM or current NVIDIA system specification supports the conversion.,A current tray BOM reports a different DPU count.,
constraint,nvlink-switch-trays,capacity,3600.0,4400.0,5200.0,switch_tray,synthetic,0.35,2026-07-17,Illustrative quarterly range selected to exercise the reconciliation engine. It is not an estimate of actual supplier capacity.,synthetic:capacity,"Supplier output, tool throughput, utilization, inventory, and shipment evidence support this range.",Verified quarterly output or installed throughput falls outside this range.,networking
constraint,nvlink-switch-trays,effective_yield,0.93,0.97,0.99,ratio,synthetic,0.35,2026-07-17,"Illustrative effective yield after process, test, and quality loss; no actual yield claim is made.",synthetic:capacity,Known-good-output and scrap data support the modeled conversion rate.,Supplier or customer qualification data show a materially different effective yield.,networking
constraint,nvlink-switch-trays,platform_allocation,0.86,0.92,0.97,ratio,synthetic,0.35,2026-07-17,Illustrative share of the resource available to this platform after competing products and customers.,synthetic:capacity,"Reserved-capacity contracts, prepayments, or observed shipment mix support the platform share.",Allocation disclosures or shipment routing show a materially different platform share.,platform-share
constraint,nvlink-switch-trays,units_per_system,9.0,9.0,9.0,switch_tray,reported,0.98,2026-07-17,NVIDIA reports nine NVLink switch trays per NVL72 rack.,nvidia:dgx-gb-hardware,A current NVIDIA BOM or service manual reports the same configuration.,A current rack BOM reports a different switch-tray count.,
constraint,management-tor-switches,capacity,900.0,1150.0,1400.0,switch,synthetic,0.35,2026-07-17,Illustrative quarterly range selected to exercise the reconciliation engine. It is not an estimate of actual supplier capacity.,synthetic:capacity,"Supplier output, tool throughput, utilization, inventory, and shipment evidence support this range.",Verified quarterly output or installed throughput falls outside this range.,networking
constraint,management-tor-switches,effective_yield,0.97,0.99,0.999,ratio,synthetic,0.35,2026-07-17,"Illustrative effective yield after process, test, and quality loss; no actual yield claim is made.",synthetic:capacity,Known-good-output and scrap data support the modeled conversion rate.,Supplier or customer qualification data show a materially different effective yield.,networking
constraint,management-tor-switches,platform_allocation,0.86,0.92,0.97,ratio,synthetic,0.35,2026-07-17,Illustrative share of the resource available to this platform after competing products and customers.,synthetic:capacity,"Reserved-capacity contracts, prepayments, or observed shipment mix support the platform share.",Allocation disclosures or shipment routing show a materially different platform share.,platform-share
constraint,management-tor-switches,units_per_system,2.0,2.0,2.0,switch,reported,0.98,2026-07-17,NVIDIA reports two management TOR switches per NVL72 rack.,nvidia:dgx-gb-hardware,A current NVIDIA BOM or service manual reports the same configuration.,A current rack BOM reports a different TOR-switch count.,
constraint,power-shelves,capacity,3500.0,4200.0,5000.0,power_shelf,synthetic,0.35,2026-07-17,Illustrative quarterly range selected to exercise the reconciliation engine. It is not an estimate of actual supplier capacity.,synthetic:capacity,"Supplier output, tool throughput, utilization, inventory, and shipment evidence support this range.",Verified quarterly output or installed throughput falls outside this range.,power-components
constraint,power-shelves,effective_yield,0.96,0.985,0.997,ratio,synthetic,0.35,2026-07-17,"Illustrative effective yield after process, test, and quality loss; no actual yield claim is made.",synthetic:capacity,Known-good-output and scrap data support the modeled conversion rate.,Supplier or customer qualification data show a materially different effective yield.,power-components
constraint,power-shelves,platform_allocation,0.86,0.92,0.97,ratio,synthetic,0.35,2026-07-17,Illustrative share of the resource available to this platform after competing products and customers.,synthetic:capacity,"Reserved-capacity contracts, prepayments, or observed shipment mix support the platform share.",Allocation disclosures or shipment routing show a materially different platform share.,platform-share
constraint,power-shelves,units_per_system,8.0,8.0,8.0,power_shelf,reported,0.98,2026-07-17,NVIDIA reports eight power shelves per DGX GB200 NVL72 rack.,nvidia:dgx-gb-hardware,A current NVIDIA BOM or service manual reports the same configuration.,A current rack BOM reports a different power-shelf count.,
constraint,liquid-cooling-integration,capacity,380.0,465.0,560.0,rack_cooling_set,synthetic,0.35,2026-07-17,Illustrative quarterly range selected to exercise the reconciliation engine. It is not an estimate of actual supplier capacity.,synthetic:capacity,"Supplier output, tool throughput, utilization, inventory, and shipment evidence support this range.",Verified quarterly output or installed throughput falls outside this range.,rack-integration
constraint,liquid-cooling-integration,effective_yield,0.88,0.94,0.98,ratio,synthetic,0.35,2026-07-17,"Illustrative effective yield after process, test, and quality loss; no actual yield claim is made.",synthetic:capacity,Known-good-output and scrap data support the modeled conversion rate.,Supplier or customer qualification data show a materially different effective yield.,rack-integration
constraint,liquid-cooling-integration,platform_allocation,1.0,1.0,1.0,ratio,derived,1.0,2026-07-17,Capacity is already defined as GB200-compatible cooling sets.,synthetic:capacity,The capacity definition remains on the stated post-adjustment basis.,The capacity input is redefined to a pre-yield or pre-allocation basis.,
constraint,liquid-cooling-integration,units_per_system,1.0,1.0,1.0,rack_cooling_set,derived,0.85,2026-07-17,One complete liquid-cooling integration set per liquid-cooled rack-scale system.,nvidia:gb200-product,A manufacturing BOM or current NVIDIA system specification supports the conversion.,The rack design is changed to require a different integration-set count.,
constraint,factory-qualification,capacity,350.0,430.0,520.0,qualification_slot,synthetic,0.35,2026-07-17,Illustrative quarterly range selected to exercise the reconciliation engine. It is not an estimate of actual supplier capacity.,synthetic:capacity,"Supplier output, tool throughput, utilization, inventory, and shipment evidence support this range.",Verified quarterly output or installed throughput falls outside this range.,system-qualification
constraint,factory-qualification,effective_yield,0.9,0.95,0.98,ratio,synthetic,0.35,2026-07-17,"Illustrative effective yield after process, test, and quality loss; no actual yield claim is made.",synthetic:capacity,Known-good-output and scrap data support the modeled conversion rate.,Supplier or customer qualification data show a materially different effective yield.,system-qualification
constraint,factory-qualification,platform_allocation,1.0,1.0,1.0,ratio,derived,1.0,2026-07-17,Qualification capacity is already scoped to the platform.,synthetic:capacity,The capacity definition remains on the stated post-adjustment basis.,The capacity input is redefined to a pre-yield or pre-allocation basis.,
constraint,factory-qualification,units_per_system,1.0,1.0,1.0,qualification_slot,synthetic,0.35,2026-07-17,One end-to-end factory qualification slot per shipped system.,synthetic:capacity,ODM test flow confirms one slot per rack.,Qualification requires materially different repeated or parallel slots.,
constraint,rack-logistics,capacity,365.0,450.0,540.0,shipment_slot,synthetic,0.35,2026-07-17,Illustrative quarterly range selected to exercise the reconciliation engine. It is not an estimate of actual supplier capacity.,synthetic:capacity,"Supplier output, tool throughput, utilization, inventory, and shipment evidence support this range.",Verified quarterly output or installed throughput falls outside this range.,logistics
constraint,rack-logistics,effective_yield,0.96,0.985,0.997,ratio,synthetic,0.35,2026-07-17,"Illustrative effective yield after process, test, and quality loss; no actual yield claim is made.",synthetic:capacity,Known-good-output and scrap data support the modeled conversion rate.,Supplier or customer qualification data show a materially different effective yield.,logistics
constraint,rack-logistics,platform_allocation,1.0,1.0,1.0,ratio,derived,1.0,2026-07-17,Shipment capacity is already scoped to qualified rack systems.,synthetic:capacity,The capacity definition remains on the stated post-adjustment basis.,The capacity input is redefined to a pre-yield or pre-allocation basis.,
constraint,rack-logistics,units_per_system,1.0,1.0,1.0,shipment_slot,synthetic,0.35,2026-07-17,One specialized shipment slot per rack-scale system.,synthetic:capacity,Freight bookings and delivery records support one slot per system.,Observed shipment topology requires materially different logistics units.,
constraint,site-installation,capacity,330.0,410.0,500.0,installation_slot,synthetic,0.35,2026-07-17,Illustrative quarterly range selected to exercise the reconciliation engine. It is not an estimate of actual supplier capacity.,synthetic:capacity,"Supplier output, tool throughput, utilization, inventory, and shipment evidence support this range.",Verified quarterly output or installed throughput falls outside this range.,site-readiness
constraint,site-installation,effective_yield,0.92,0.96,0.99,ratio,synthetic,0.35,2026-07-17,"Illustrative effective yield after process, test, and quality loss; no actual yield claim is made.",synthetic:capacity,Known-good-output and scrap data support the modeled conversion rate.,Supplier or customer qualification data show a materially different effective yield.,site-readiness
constraint,site-installation,platform_allocation,1.0,1.0,1.0,ratio,derived,1.0,2026-07-17,Installation slots are already scoped to the modeled system.,synthetic:capacity,The capacity definition remains on the stated post-adjustment basis.,The capacity input is redefined to a pre-yield or pre-allocation basis.,
constraint,site-installation,units_per_system,1.0,1.0,1.0,installation_slot,synthetic,0.35,2026-07-17,One physical installation and facility-integration slot per rack-scale system.,synthetic:capacity,Site commissioning records support one slot per system.,Observed installation flow requires materially different units.,
constraint,linked-abilene-operational-racks,capacity,68.22967239651236,433.4400086329962,602.8810012330047,rack,synthetic,0.1,2026-07-17,"Import datacenter_operational operational_racks from frozen result 000a0804e1b8076de18afec1a1cd3de029abd62c1bdaf200ff09fa7e3717568e. The source P10, P50, and P90 are used as triangular low, mode, and high parameters in the linked engine. This preserves the central range but does not preserve source tails, point masses, or joint dependence.",linked-result:datacenter_operational:000a0804e1b8,"A frozen site-operational release for the same site, platform class, and quarter supports the operational-rack range.","The site scope or rack class differs, the source result is revised, or rack-level acceptance records fall outside the range.",linked:datacenter_operational:000a0804e1b8:operational_racks
constraint,linked-abilene-operational-racks,effective_yield,1.0,1.0,1.0,ratio,derived,0.1,2026-07-17,The frozen source output is already post-yield.,linked-result:datacenter_operational:000a0804e1b8,The frozen source metric remains on the stated post-conversion basis.,The source metric is redefined to require another yield or allocation conversion.,
constraint,linked-abilene-operational-racks,platform_allocation,1.0,1.0,1.0,ratio,derived,0.1,2026-07-17,The frozen source output is already scoped to this linked constraint.,linked-result:datacenter_operational:000a0804e1b8,The frozen source metric remains on the stated post-conversion basis.,The source metric is redefined to require another yield or allocation conversion.,
constraint,linked-abilene-operational-racks,units_per_system,1.0,1.0,1.0,rack,derived,0.1,2026-07-17,Convert the frozen source metric into scenario-system equivalents using 1 rack per system.,linked-result:datacenter_operational:000a0804e1b8,The frozen source metric remains on the stated post-conversion basis.,The source metric is redefined to require another yield or allocation conversion.,
constraint,linked-abilene-shipment-allocation,capacity,3229.960716011132,3717.54225958764,4251.151748623053,system,synthetic,0.3,2026-07-19,"Import manufacturing complete_system_equivalents from frozen result 1379bccc2e6d5599a6af1945e40dfe54106523c075b439303ed2efe83d01333a. The source P10, P50, and P90 are used as triangular low, mode, and high parameters in the linked engine. This preserves the central range but does not preserve source tails, point masses, or joint dependence.",linked-result:manufacturing:1379bccc2e6d,"Customer allocation, purchase-order, logistics, or receiving records support this share of the frozen manufacturing flow moving to the selected site.",Allocation or receiving records show a materially different site share or that the manufacturing source covers a different supply scope.,linked:manufacturing:1379bccc2e6d:complete_system_equivalents
constraint,linked-abilene-shipment-allocation,effective_yield,1.0,1.0,1.0,ratio,derived,0.3,2026-07-19,The frozen source output is already post-yield.,linked-result:manufacturing:1379bccc2e6d,The frozen source metric remains on the stated post-conversion basis.,The source metric is redefined to require another yield or allocation conversion.,
constraint,linked-abilene-shipment-allocation,platform_allocation,0.04,0.06,0.08,ratio,synthetic,0.1,2026-07-19,Synthetic share chosen only to exercise a customer-and-site allocation boundary between manufacturing and deployment.,synthetic:abilene-site-allocation,Dated customer allocation and site receiving records support a six-percent central share for the same supply population.,"Shipment destinations, purchase orders, or receiving logs put the selected site's share outside four to eight percent.",abilene-site-allocation
constraint,linked-abilene-shipment-allocation,units_per_system,1.0,1.0,1.0,system,derived,0.3,2026-07-19,Convert the frozen source metric into scenario-system equivalents using 1 system per system.,linked-result:manufacturing:1379bccc2e6d,The frozen source metric remains on the stated post-conversion basis.,The source metric is redefined to require another yield or allocation conversion.,
platform,nvidia-gb200-nvl72,accelerator_packages_per_system,72.0,72.0,72.0,package/system,derived,0.82,2026-07-17,Treats each disclosed Blackwell GPU as one accelerator package for the first-release output metric.,nvidia:gb200-product,A manufacturing BOM or current NVIDIA system specification supports the conversion.,A manufacturing BOM uses a different package or module definition.,
platform,nvidia-gb200-nvl72,servers_per_system,18.0,18.0,18.0,server/system,reported,0.98,2026-07-17,Treats each of the 18 disclosed compute trays as one server node.,nvidia:dgx-gb-hardware,A current NVIDIA BOM or service manual reports the same configuration.,A current rack specification reports a different compute-node count.,
platform,nvidia-gb200-nvl72,racks_per_system,1.0,1.0,1.0,rack/system,reported,0.98,2026-07-17,The platform system unit is one NVL72 rack.,nvidia:gb200-product,A current NVIDIA BOM or service manual reports the same configuration.,The modeled system boundary changes from one rack.,
